Game Name,User Rating
Counter-Strike,90
Team Fortress Classic,80
Day of Defeat,80
Deathmatch Classic,80
Half-Life: Opposing Force,90
Ricochet,80
Half-Life,90
Counter-Strike: Condition Zero,80
Half-Life: Blue Shift,80
Half-Life 2: Demo,40.668
Half-Life 2,90
Counter-Strike: Source,90
Half-Life: Source,50
Day of Defeat: Source,80
Half-Life 2: Deathmatch,80
Half-Life 2: Lost Coast,80
Half-Life Deathmatch: Source,60
Half-Life 2: Episode One,90
Portal,90
Portal: First Slice,52.559
Half-Life 2: Episode Two,90
Team Fortress 2,80
Left 4 Dead,90
Left 4 Dead 2,90
Dota 2,80
Portal 2,90
Alien Swarm,80
Counter-Strike 2,80
Rag Doll Kung Fu,26.068
Rag Doll Kung Fu Demo,0
Red Orchestra: Ostfront 41-45,79.999
Killing Floor,90
SiN Episodes: Emergence,79.711
SiN: Gold,67.358
Darwinia,79.593
Darwinia Demo,0
Uplink,79.999
DEFCON,80
DEFCON Demo,21.324
Multiwinia,75.487
Multiwinia Demo,0
Dangerous Waters,50.181
Space Empires IV Deluxe,57.978
Jagged Alliance 2 Gold,0
Disciples II: Rise of the Elves ,79.846
Disciples II: Gallean's Return,79.942
Iron Warriors: T - 72 Tank Command ,38.094
Space Empires V,53.451
Arx Fatalis,79.997
Arx Fatalis Demo,0
Source Filmmaker,80
Earth 2160,59.935
Two Worlds Epic Edition,60
Dark Messiah of Might & Magic,80
Dark Messiah Singleplayer Demo,0
Quake III Arena,90
Quake 4,80
Wolfenstein 3D,80
Quake,90
Quake II,90
Hexen: Beyond Heretic,77.596
Hexen: Deathkings of the Dark Citadel,37.141
Heretic: Shadow of the Serpent Riders,79.639
The Ship: Murder Party,80
The Ship: Single Player,59.429
Bloody Good Time,59.69
Shadowgrounds,79.964
Shadowgrounds Demo,0
Gumboy - Crazy Adventures™,23.767
RIP - Trilogy™,42.522
Alpha Prime,49.963
Vampire: The Masquerade - Bloodlines,80
GUN™,79.994
Call of Duty® (2003),80
Call of Duty® 2,80
Call of Duty: United Offensive,79.996
RollerCoaster Tycoon® 3: Platinum,80
Act of War: Direct Action,74.886
ThreadSpace: Hyperbol,12.328
ThreadSpace: Hyperbol Demo,0
X2: The Threat,72.522
X3: Reunion,57.852
X3: Terran Conflict,80
X: Beyond the Frontier,49.831
X: Tension,27.071
X Rebirth,50
688(I) Hunter/Killer,37.141
Fleet Command,70.911
Sub Command,28.044
FlatOut 2,90
Xpand Rally,74.376
Call of Juarez,80
Xpand Rally Xtreme,51.071
Men of War: Red Tide,78.405
King's Bounty: Armored Princess,79.776
King's Bounty Armored Princess Demo,0
Painkiller Demo,0
Genesis Rising,21.479
Safecracker: The Ultimate Puzzle Adventure,47.511
Painkiller Overdose,59.68
Painkiller Overdose Demo,0
Bejeweled 2 Deluxe,75.255
Bejeweled 2 Deluxe Free Demo,0
Chuzzle Deluxe,79.73
Chuzzle Deluxe Free Demo,0
Insaniquarium Deluxe,90
Insaniquarium Deluxe Free Demo,0
Zuma Deluxe,90
Zuma Deluxe Free Demo,0
AstroPop Deluxe,24.15
AstroPop Deluxe Free Demo,0
Bejeweled Deluxe,54.414
Bejeweled Deluxe Free Demo,0
Big Money! Deluxe,40.865
Big Money! Deluxe Free Demo,0
Dynomite Deluxe,63.189
Dynomite Deluxe Free Demo,0
Feeding Frenzy 2 Deluxe,89.997
Feeding Frenzy 2 Deluxe Free Demo,0
Hammer Heads Deluxe,20.139
Heavy Weapon Deluxe,65.09
Heavy Weapon Deluxe Free Demo,0
Iggle Pop Deluxe,23.058
Iggle Pop Deluxe Free Demo,0
Pizza Frenzy Deluxe,50.57
Pizza Frenzy Deluxe Free Demo,0
Typer Shark! Deluxe,66.973
Typer Shark! Deluxe Free Demo,0
Talismania Deluxe,23.906
Talismania Deluxe Free Demo,0
Peggle Deluxe,90
Peggle Deluxe Free Demo,3.414
Peggle Extreme,79.999
Venice Deluxe,6.977
Mystery P.I.™ - The Lottery Ticket,20.139
Mystery P.I.™ - The Lottery Ticket Free Demo,0
Amazing Adventures The Lost Tomb™,25.564
Amazing Adventures The Lost Tomb™ Demo,0
Mystery P.I.™ - The Vegas Heist,20.735
Mystery P.I.™ - The Vegas Heist Free Demo,0
Amazing Adventures Around the World,28.99
Amazing Adventures Around the World Demo,0
Peggle™ Nights,89.999
Bejeweled Twist,73.4
Bejeweled Twist Free Demo,0
Mystery P.I.™ - The New York Fortune,13.824
Mystery P.I.™ - The New York Fortune Demo,0
The Wizard's Pen™,13.259
The Wizard's Pen™ Free Demo,0
Plants vs. Zombies GOTY Edition,90
Plants vs. Zombies Demo,11.238
Escape Rosecliff Island,44.981
Escape Rosecliff Island Demo,0
Mystery P.I. - Lost in Los Angeles,14.197
Mystery P.I. - Lost in Los Angeles Demo,0
Zuma's Revenge!,80
Zuma's Revenge! Demo,0
Sniper Elite,60
Judge Dredd: Dredd vs. Death,79.655
Evil Genius,80
Aliens versus Predator Classic 2000,80
Advent Rising,55.338
BloodRayne (Legacy),57.028
BloodRayne 2 (Legacy),53.352
Psychonauts,90
BloodRayne 2 Demo,0
Sid Meier's Civilization® IV,80
Sid Meier's Civilization® III Complete,80
Sid Meier's Pirates!,80
Shattered Union,26.849
CivCity: Rome,58.923
Civilization IV®: Warlords,71.526
Garry's Mod,90
Poker Superstars II,3.613
Poker Superstars II Demo,0
RACE - The WTCC Game,37.141
RACE 07 Demo,0
RACE: Caterham Expansion,2.912
RoboBlitz,20.774
RoboBlitz Demo,0
Silverfall,25.171
Silverfall Demo,0
City Life 2008,39.004
Silverfall: Earth Awakening,21.742
S.T.A.L.K.E.R.: Shadow of Chernobyl,80
Full Spectrum Warrior,45.497
Full Spectrum Warrior: Ten Hammers,39.004
Company of Heroes - Legacy Edition,80
"Warhammer 40,000: Dawn of War - Anniversary Edition",90
"Warhammer® 40,000: Dawn of War® - Dark Crusade",90
Total War: MEDIEVAL II – Definitive Edition,90
Medieval II: Total War™ Demo,5.382
Condemned: Criminal Origins,80
Rome: Total War™ - Collection,80
Rome: Total War™ - Alexander,59.114
Medieval II: Total War™ Kingdoms,76.589
Heroes of Annihilated Empires,77.596
Heroes of Annihilated Empires Demo,0
Heroes... Multiplayer Demo,0
Cossacks: Back to War,80
Cossacks: Art of War,63.273
Cossacks: European Wars,56.424
Cossacks II: Battle for Europe,79.515
Zen of Sudoku,63.273
Natural Selection 2,80
STAR WARS™ Republic Commando™,90
Indiana Jones® and the Fate of Atlantis™,79.906
STAR WARS™ Jedi Knight - Jedi Academy™,90
STAR WARS™ Jedi Knight II - Jedi Outcast™,80
The Dig®,79.744
"STAR WARS™ Battlefront II (Classic, 2005)",80
Thrillville®: Off the Rails™,78.745
Armed and Dangerous®,60.371
Shank,80
Shank Demo,0
Ghost Master®,79.992
Vegas: Make It Big™,33.04
FlatOut,80
FlatOut Demo,3.746
Making History: The Calm & the Storm,57.158
Making History Demo,0
Ducati World Championship,31.328
Dreamfall: The Longest Journey,79.694
The Longest Journey,79.995
The Longest Journey Demo,0
Bloodline Champions,79.983
Joint Task Force,61.606
Joint Task Force Demo,0
Nexus - The Jupiter Incident,79.332
Lost Planet™: Extreme Condition,79.991
Lost Planet Demo,0
Bullet Candy,17.148
Commandos: Behind Enemy Lines,80
Commandos: Beyond the Call of Duty,79.404
Commandos 2: Men of Courage,80
Commandos 3: Destination Berlin,49.745
Hitman 2: Silent Assassin,80
Hitman: Blood Money,80
Battlestations: Midway,59.271
Just Cause,50
Hitman: Codename 47,60
Deus Ex: Game of the Year Edition,80
Deus Ex: Invisible War,49.999
Just Cause Demo,0
Battlestations: Midway Demo,0
Hitman Blood Money Demo,3.414
Thief: Deadly Shadows,79.999
Tomb Raider: Legend,80
Project: Snowblind,57.48
Rogue Trooper,71.939
Tomb Raider: Legend Demo,0
Project: Snowblind Demo,0
Jade Empire™: Special Edition,59.995
Trackmania United Forever,80
"Runaway, A Road Adventure",57.967
"Runaway, The Dream of The Turtle",41.091
"Runaway, The Dream of The Turtle Demo",0
Loki,33.356
Loki Demo - Egyptian Sorcerer,0
Azada,14.104
X-Blades,50
Two Worlds II HD,50
Two Worlds II Castle Defense,48.21
Sid Meier's Railroads!,60
Railroad Tycoon 3,59.777
Railroad Tycoon II Platinum,79.83
X-COM: Terror From the Deep,78.707
X-COM: Apocalypse,78.936
BioShock™,80
BioShock Demo,0
X-COM: Interceptor,30.759
X-COM: UFO Defense,80
X-COM: Enforcer,43.691
Stubbs the Zombie in Rebel Without a Pulse,79.998
Men of War™,80
Death Track®: Resurrection,26.263
NecroVision,49.985
Men of War™ Demo,4.076
Call of Duty® 4: Modern Warfare® (2007),80
Tomb Raider: Anniversary,80
Tomb Raider: Anniversary Demo,4.076
Kane and Lynch: Dead Men™,50
Conflict: Denied Ops Demo,0
Conflict: Denied Ops,43.199
Tomb Raider: Underworld,60
Tomb Raider: Underworld Demo,0
Battlestations Pacific,60
Battlestations Pacific Demo,0
Just Cause 2,80
Bone: Out From Boneville,31.421
Bone: The Great Cow Race,21.296
Telltale Texas Hold ‘Em,38.154
Geometry Wars: Retro Evolved,79.461
EVE Online,60
RACE 07,80
STCC - The Game Demo,0
GTR Evolution Demo,0
RACE On Demo,0
RACE On,#VALUE!
GTR 2 FIA GT Racing Game,62.415
Civilization IV: Beyond the Sword,90
Civilization IV: Beyond the Sword Demo,0
BioShock® 2,80
BioShock Infinite,80
Freedom Force,46.076
Freedom Force vs. the Third Reich,60.371
Freedom Force Demo,0
Freedom Force vs. the Third Reich Demo,0
Sid Meier's Civilization® V,90
Axel & Pixel,22.873
Borderlands Game of the Year,80
Return to Castle Wolfenstein,80
DOOM 3,80
HeXen II,73.938
Hexen II Demo,0
Commander Keen,79.948
RAGE,60
Company of Heroes Singleplayer Demo,3.746
"Warhammer® 40,000: Dawn of War® – Winter Assault",79.998
Dawn of War® Demo,0
Dawn of War® - Winter Assault Demo,0
Company of Heroes: Opposing Fronts,79.658
Supreme Commander,80
Supreme Commander: Forged Alliance,90
"Warhammer® 40,000: Dawn of War® - Soulstorm Demo",0
"Warhammer® 40,000: Dawn of War® - Soulstorm",90
Frontlines™: Fuel of War™,49.578
Saints Row 2,60
Gish,45.184
Gish Demo,0
Desperados 2: Cooper's Revenge,36.973
Tycoon City: New York,36.236
Act of War: High Treason,72.922
Death to Spies,59.337
Codename: Panzers - Cold War,35.888
Champions Online,60
Star Trek Online,60
Blade Kitten,79.595
Blade Kitten Demo,0
Haunted House™ (2010),6.749
Star Raiders,4.942
The UnderGarden,18.119
Call of Duty: World at War,80
King's Quest™ Collection,65.888
Space Quest™ Collection,66.842
Aces of the Galaxy™,10.273
TimeShift™,59.908
3D Ultra™ Minigolf Adventures,22.968
Prototype™,80
Call of Duty®: Modern Warfare® 2 (2009),80
Postal III,50
Dead Mountaineer's Hotel,17.152
A Stroke of Fate: Operation Valkyrie,7.393
PT Boats: Knights of the Sea,9.874
PT Boats: South Gambit,6.532
Disciples III: Reincarnation,59.986
The Club™,28.198
Total War: EMPIRE – Definitive Edition,80
Beijing 2008™ - The Official Video Game of the Olympic Games,0
Empire: Total War™ Demo,12.113
Aliens vs. Predator™,80
Loki Demo - Norse Warrior,0
TrackMania Nations Forever,80
Sherlock Holmes - Nemesis,57.028
Dracula: Origin,47.073
Sherlock Holmes - Nemesis Demo,0
Dracula Origin Demo,0
Sherlock Holmes: The Mystery of the Mummy,35.868
Sherlock Holmes: The Awakened (2008),58.546
Sherlock Holmes: The Silver Earring,47.77
Sherlock Holmes: The Mystery of the Persian Carpet,36.583
Sherlock Holmes versus Jack the Ripper,79.7
Shadowgrounds Survivor,48.92
Shadowgrounds Survivor Demo,0
Gumboy Tournament,45.111
Space Trader: Merchant Marine,47.941
Pacific Storm,12.959
Pacific Storm Allies,33.522
Gumboy Tournament Demo,0
Penguins Arena: Sedna's World,79.914
Larva Mortus,58.546
Nikopol: Secrets of the Immortals,42.332
Crash Time 2,50
Overlord™,80
Overlord™ Demo,0
Soldiers: Heroes of World War II,77.9
Second Sight,41.285
Maelstrom: The Battle for Earth Begins,27.421
Hospital Tycoon,47.249
LUMINES™ Demo,0
LUMINES™ Advance Pack,8.225
Manhunt,50
Max Payne,80
Max Payne 2: The Fall of Max Payne,80
Grand Theft Auto 2,71.694
Bully: Scholarship Edition,80
Grand Theft Auto IV: The Complete Edition,80
Grand Theft Auto: Episodes from Liberty City,60
Culpa Innata,24.15
Sacred Gold,80
Darkstar One,75.232
Jack Keane,22.145
FlatOut: Ultimate Carnage Collector's Edition,80
Exodus from the Earth ,32.935
Perimeter 2: New Earth,11.953
SlamIt Pinball Big Score,18.803
Ankh 2: Heart of Osiris ,12.773
Ankh 3: Battle of the Gods,10.134
BC Kings,31.698
Port Royale 2,56.906
9th Company: Roots Of Terror,33.686
PuzzleQuest: Challenge of the Warlords,79.554
Prison Tycoon 3™: Lockdown,17.937
18 Wheels of Steel: American Long Haul,54.691
Hunting Unlimited™ 2008,22.773
Mahjongg Investigations: Under Suspicion,9.126
Ride! Carnival Tycoon,10.669
Hot Dish,7.179
Dr. Daisy Pet Vet,6.095
Sprint Cars Road to Knoxville,13.693
Midnight Outlaw: 6 Hours to SunUp,8.377
Drakensang,77.37
Mission Runway,5.208
Hunting Unlimited 2010,63.439
Overlord™: Raising Hell,79.999
Rise of the Argonauts,58.723
Damnation,44.597
Overlord II,80
Overlord II Demo,0
Operation Flashpoint: Dragon Rising,50
Operation Flashpoint: Dragon Rising Demo,0
AudioSurf,90
AudioSurf Demo,14.104
Ninja Reflex: Steamworks Edition,21.324
Ninja Reflex Demo,0
America's Army 3,60
Prince of Persia: Warrior Within™,80
Far Cry®,80
Prince of Persia: The Two Thrones™,59.998
Tom Clancy's Rainbow Six® Vegas,59.941
Tom Clancy's Splinter Cell®,80
Tom Clancy's Splinter Cell Chaos Theory®,80
Tom Clancy's Splinter Cell Double Agent®,39.986
Prince of Persia®: The Sands of Time,80
Tom Clancy's Ghost Recon® Desert Siege™,38.652
Tom Clancy's Ghost Recon® Island Thunder™,40.668
Tom Clancy's Rainbow Six Lockdown™,44.962
Rayman Raving Rabbids™,79.961
Assassin's Creed™: Director's Cut Edition,80
Tom Clancy's Rainbow Six® Vegas 2,80
Beyond Good and Evil™,80
Petz® Horsez® 2,37.141
Heroes of Might & Magic V,80
Brothers in Arms: Road to Hill 30™,79.988
Silent Hunter®: Wolves of the Pacific,49.67
Silent Hunter® III,79.999
Silent Hunter®: Wolves of the Pacific U-Boat Missions,61.421
Cold Fear™,79.74
Tom Clancy's Ghost Recon®,79.932
IL-2 Sturmovik: 1946,80
Heroes of Might & Magic V: Tribes of the East,80
Heroes of Might & Magic V: Hammers of Fate,63.686
Brothers in Arms: Hell's Highway™,79.997
Harvest: Massive Encounter,32.219
The Wonderful End of the World,57.852
The Wonderful End of the World Demo,0
AaAaAA!!! - A Reckless Disregard for Gravity,78.052
AaaaaAAaaaAAAaaAAAAaAAAAA!!! for the Awesome,59.74
"Warhammer 40,000: Dawn of War II - Anniversary Edition",80
"Warhammer® 40,000™: Dawn of War® II Single-player Demo",0
Oddworld: Abe's Oddysee®,80
Oddworld: Abe's Exoddus®,79.961
Oddworld: Abe's Exoddus® Demo,0
Oddworld: Abe's Oddysee® Demo,0
Oddworld: Munch's Oddysee,59.575
Oddworld: Stranger's Wrath HD,79.97
Planet Busters,0
Planet Busters Demo,0
7 Wonders II,37.705
7 Wonders II Demo,0
Luxor Amun Rising,7.605
Luxor Amun Rising Demo,0
Luxor 2,9.063
Luxor 2 Demo,0
Luxor 3,49.061
Luxor 3 Demo,0
Reaxxion Demo,0
Little Farm,22.696
Little Farm Demo,0
Luxor,21.582
Luxor Demo,0
Discovery! A Seek and Find Adventure,14.411
Discovery! A Seek and Find Adventure Demo,0
Samantha Swift and the Hidden Roses of Athena,17.148
Samantha Swift and the Hidden Roses of Athena Demo,0
7 Wonders: Treasures of Seven,30.501
7 Wonders: Treasures of Seven Demo,0
Luxor: Quest for the Afterlife,34.984
Luxor: Quest for the Afterlife Demo,0
Samantha Swift and the Golden Touch,15.739
Samantha Swift and the Golden Touch Demo,0
Virtual Villagers: A New Home,39.874
Virtual Villagers: The Lost Children,24.186
Plant Tycoon,48.277
Fish Tycoon,31.96
Virtual Villagers: A New Home Demo,0
Virtual Villagers: The Lost Children Demo,0
Plant Tycoon Demo,0
Fish Tycoon Demo,0
Virtual Villagers - The Secret City,36.964
Virtual Villagers - The Secret City Demo,0
Virtual Families,21.617
Virtual Families Demo,0
Everyday Shooter,34.758
F.E.A.R. 2: Project Origin,80
F.E.A.R.2: Project Origin Demo,0
Chaos Theory,4.405
Chaos Theory Demo,0
Trials 2: Second Edition,57.868
Trials 2: Second Edition Demo,0
Monster Trucks Nitro ,11.64
Monster Trucks Nitro Demo,0
Insecticide Part 1,53.801
Velvet Assassin,50
Legendary,50
Sid Meier's Civilization IV: Colonization,79.87
GROUND BRANCH,80
Global Agenda: Free Agent,79.981
Tribes: Ascend,80
Children of the Nile: Enhanced Edition,70.54
Children of the Nile: Enhanced Edition Demo,0
Children of the Nile: Alexandria,42.399
Hinterland,42.286
Mosby's Confederacy,8.858
Crysis Warhead®,80
SPORE™,80
Mirror's Edge™,80
SPORE™ Creepy & Cute Parts Pack,79.995
Mass Effect (2007),80
Dead Space (2008),80
Command & Conquer™ Red Alert™ 3,80
Zombie Panic! Source,80
"Pirates, Vikings, and Knights II",80
Dystopia,79.622
Nuclear Dawn,60
Empires Mod,79.531
"Precipice of Darkness, Episode One",73.595
"Precipice of Darkness, Episode One Demo",0
"Precipice of Darkness, Episode Two",48.436
"Precipice of Darkness, Episode Two Demo",0
DeathSpank,78.998
DeathSpank: Thongs of Virtue,58.947
The Baconing,42.462
Shattered Horizon: Arconauts,0
Shattered Horizon,73.233
Unstoppable Gorg,46.066
Spectraball,54.796
Crazy Machines 2,36.098
Crazy Machines,48.118
Crazy Machines 1.5,0
Helldorado,34.097
Mata Hari,25.046
Defense Grid: The Awakening,90
Defense Grid: The Awakening Demo,3.414
Mayhem Intergalactic,6.314
Mayhem Intergalactic Demo,0
And Yet It Moves,49.914
And Yet It Moves Demo,0
Zero Gear Demo,3.494
Zero Gear,59.252
Silent Hill Homecoming,50
Puzzle Chronicles,10.865
Tank Universal,44.376
Tank Universal Demo,0
Space Ark,3.844
Eternity's Child,12.918
Eternity's Child Demo,0
Alice: Madness Returns,80
Brothers in Arms: Earned in Blood™,79.265
Tom Clancy's Rainbow Six® 3 Gold,79.993
Far Cry® 2,60
Prince of Persia®,60
Galactic Bowling,3.625
Red Faction Guerrilla Steam Edition,80
S.T.A.L.K.E.R.: Clear Sky,80
Red Faction,80
Company of Heroes: Tales of Valor,79.999
Red Faction II,49.828
World of Zoo: Animal Creator Demo,0
"Warhammer® 40,000: Dawn of War® II Chaos Rising",80
Starscape,30
Mr. Robot,27.959
Starscape Demo,0
Mr. Robot Demo,0
Shatter,79.86
The Witcher 2: Assassins of Kings Enhanced Edition,80
LEGO® Batman™: The Videogame,80
Watchmen: The End is Nigh,56.682
Watchmen: The End is Nigh Demo,0
Watchmen: The End is Nigh Part 2,35.531
F.E.A.R.,80
F.E.A.R. 3,60
LEGO® Harry Potter: Years 1-4,80
Gravitron 2,10.051
Gravitron 2 Demo,0
Project Aftermath,4.984
Project Aftermath Demo,0
Pyroblazer®,0
Pyroblazer® Demo,0
Flock! Demo,0
Street Fighter® IV,46.378
Bionic Commando,59.983
Bionic Commando: Rearmed,49.764
Resident Evil 5,80
Driver® Parallel Lines,79.813
Tom Clancy's EndWar™,79.171
Call of Juarez: Bound in Blood,80
World of Goo,80
World of Goo Demo,6.661
Mount & Blade,80
Mount and Blade Demo,12.689
Penumbra: Black Plague Gold Edition,80
Hearts of Iron 2 Complete,76.017
Penumbra: Requiem,49.665
Europa Universalis III Complete Demo,0
Europa Universalis: Rome - Gold Edition Demo,0
Hearts of Iron 2 Demo,0
Penumbra Overture,80
Zeno Clash,80
Zeno Clash Demo,0
Rock of Ages,80
Fallout 3,80
Rogue Warrior,49.964
The Elder Scrolls III: Morrowind® Game of the Year Edition,90
The Elder Scrolls IV: Oblivion® Game of the Year Edition Deluxe,90
Call of Cthulhu®: Dark Corners of the Earth,50
BRINK,50
Fallout 3: Game of the Year Edition,80
Fallout: New Vegas,90
Hunted: The Demon’s Forge™,59.878
Spectromancer,63.604
Worms Reloaded,80
Alien Breed: Impact,59.989
Alien Breed™: Impact Demo,0
Alien Breed 2: Assault,49.631
Alien Breed 2: Assault Demo,0
Alien Breed 3: Descent,56.296
Alien Breed 3: Descent Demo,0
Worms Reloaded Demo,7.916
Fluttabyes,6.532
Yosumin!™,32.327
The Last Remnant™,80
Yosumin!™ Demo,0
Gyromancer,40.055
Imperium Romanum Gold Edition,70.774
Imperium Romanum Gold Edition Demo,0
Europa Universalis: Rome - Gold Edition,34.089
Grand Ages: Rome,58.664
Grand Ages: Rome - Reign of Augustus,0
Ceville,38.147
Grand Ages: Rome Demo,0
Tropico 3,79.991
Puzzle Quest: Galactrix,40.105
Texas Cheat'Em Demo,0
Earth Defense Force: Insect Armageddon,79.64
Depths of Peril,31.23
Depths of Peril Demo,0
Puzzle Kingdoms,39.388
Train Simulator Classic 2024,60
DC Universe™ Online,80
PAYDAY™ The Heist,80
King Arthur - The Role-playing Wargame,47.343
Crusaders: Thy Kingdom Come,9.471
Aquaria,79.948
King Arthur Demo,0
King Arthur: Fallen Champions,11.64
King Arthur II: The Role-Playing Wargame,45.75
Trainz: Classic Cabon City,9.158
Trainz Settle and Carlisle,10.865
Trainz: Murchison 2,7.817
Trainz™ Simulator 12,59.995
Command and Conquer: Red Alert 3 Demo,6.661
SPORE™ Galactic Adventures,80
SimCity™ 4 Deluxe Edition,80
Command & Conquer 3 Tiberium Wars™,80
Command & Conquer: Red Alert 3 - Uprising,80
Command & Conquer™ 3: Kane’s Wrath,90
Need for Speed: Shift,60
The Saboteur™,79.926
Overgrowth,80
Lugaru HD,55.845
Cricket Revolution,23.237
Cricket Revolution Demo,0
Eschalon: Book I,66.71
Eschalon: Book I Demo,0
Eschalon: Book II,38.236
Madballs in Babo:Invasion,61.14
Madballs Demo,0
Europa Universalis III Complete,79.995
Europa Universalis III: Divine Wind,12.689
Knights of Honor,79.999
Elven Legacy,34.227
Hearts of Iron III,60
King's Bounty: The Legend,80
Supreme Ruler 2020 Gold,42.55
East India Company,29.57
Majesty 2,49.814
Majesty Gold HD,74.782
The Maw,64.247
The Maw Demo,0
Drug Wars,7.899
Cogs,78.998
Cogs Demo,0
Braid Demo,3.746
Crayon Physics Deluxe,79.658
Crayon Physics Deluxe Demo,0
The Path,59.432
The Graveyard,47.498
The Graveyard Trial,3.613
The Path - Prologue,6.314
Fatale,24.286
Summer Athletics,9.874
Dangerous High School Girls in Trouble!™,31.606
Mevo and The Grooveriders Demo,#VALUE!
Space Giraffe,0
Gridrunner Revolution,20.181
Twin Sector,25.564
Twin Sector Demo,30.428
Booster Trooper,0
Booster Trooper Demo,31.234
Dead Horde,0
Kane & Lynch 2: Dog Days,38.51
Kane & Lynch 2 Demo,50
Yumsters 2: Around the World,22.198
Musaic Box,18.593
Between,57.421
Mightier,10.669
Blueberry Garden,13.824
Blueberry Garden Demo,32.633
Osmos,0
Osmos Demo,79.905
Guild Wars® Game of the Year Edition,0
Guild Wars Factions®,0
Guild Wars® Trilogy,0
Guild Wars Nightfall®,6.977
Guild Wars: Eye of the North®,0
Caster,0
Dark Sector,60
Wallace & Gromit’s Grand Adventures,78.745
Tales of Monkey Island: Complete Season,60.759
Tales of Monkey Island Complete Pack: Chapter 2 - The Siege of Spinner Cay,77.713
Tales of Monkey Island Complete Pack: Chapter 3 - Lair of the Leviathan,40.471
Tales of Monkey Island Complete Pack: Chapter 4 - The Trial and Execution of Guybrush Threepwood,36.749
Tales of Monkey Island Complete Pack: Chapter 5 - Rise of the Pirate God,40.668
Sam & Max 301: The Penal Zone,44.411
Sam & Max 302: The Tomb of Sammun-Mak,73.908
Sam & Max 303: They Stole Max's Brain!,30
Sam & Max 304: Beyond the Alley of the Dolls,27.436
Sam & Max 305: The City That Dares Not Sleep,23.625
Puzzle Agent,31.72
Poker Night at the Inventory,80
Back to the Future: The Game,80
Tunnel Rats,79.999
COIL,7.414
Iron Grip: Warlord,44.054
Iron Grip Warlord Demo,70.635
Nancy Drew®: Danger by Design,0
Nancy Drew®: Last Train to Blue Moon Canyon,41.447
Nancy Drew®: The Haunted Carousel,64.789
Nancy Drew®: Curse of Blackmoor Manor,51.296
Nancy Drew®: Danger on Deception Island,66.776
Nancy Drew®: Ghost Dogs of Moon Lake,55.904
Nancy Drew®: Legend of the Crystal Skull,54.157
"Nancy Drew® Dossier: Lights, Camera, Curses!",48.906
Nancy Drew®: Secret of the Old Clock,18.556
Nancy Drew®: Secret of the Scarlet Hand,51.724
Nancy Drew®: The Creature of Kapu Cave,46.316
Nancy Drew®: The Haunting of Castle Malloy,31.373
Nancy Drew®: The Phantom of Venice,47.148
Nancy Drew®: The White Wolf of Icicle Creek,46.484
Nancy Drew®: Legend of the Crystal Skull Demo,38.472
Nancy Drew®: The Creature of Kapu Cave Demo,0
Nancy Drew®: The Phantom of Venice Demo,0
Nancy Drew®: The White Wolf of Icicle Creek Demo,0
Nancy Drew®: Ransom of the Seven Ships Demo,0
Raycatcher,0
Raycatcher Demo,2.168
LUXOR: Mah Jong,0
LUXOR: Mah Jong Demo,26.74
Chainz 2: Relinked,0
Chainz 2 Demo,16.817
Midnight Mysteries,0
Everyday Genius: SquareLogic,28.522
Zombie Bowl-o-Rama,70.203
Zombie Bowl-o-Rama Demo,70.154
Metal Drift,0
Metal Drift Demo,24.921
Indiana Jones® and the Last Crusade™,0
LEGO® Indiana Jones™: The Original Adventures,48.185
LOOM™,80
STAR WARS™ Starfighter™,76.096
The Secret of Monkey Island: Special Edition,48.137
STAR WARS™ Knights of the Old Republic™,90
STAR WARS™ Jedi Knight: Dark Forces II,80
STAR WARS™ Jedi Knight - Mysteries of the Sith™,59.997
"STAR WARS™ Dark Forces (Classic, 1995)",49.57
Lucidity™,80
STAR WARS™: The Clone Wars - Republic Heroes™,13.511
STAR WARS™ - The Force Unleashed™ Ultimate Sith Edition,49.442
LEGO® Star Wars™ - The Complete Saga,60
LEGO® Indiana Jones™ 2: The Adventure Continues,90
STAR WARS™ Empire at War - Gold Pack,79.976
STAR WARS™: The Force Unleashed™ II,90
LEGO® Star Wars™ III - The Clone Wars™,50
Delta Force Xtreme 2,80
Delta Force 1,34.94
Delta Force 2,76.154
Delta Force Land Warrior,72.446
Delta Force: Task Force Dagger,65.312
Delta Force: Xtreme,34.863
Delta Force — Black Hawk Down: Team Sabre,34.61
Armored Fist 3,74.117
F-16 Multirole Fighter,19.173
F-22 Lightning 3,37.817
MiG-29 Fulcrum,29.261
Comanche 4,30.249
Tachyon: The Fringe,60.074
Joint Operations: Combined Arms Gold,52.968
Restaurant Empire II,61.046
Alien Shooter,49.831
Alien Shooter: Revisited,90
Alien Shooter 2: Reloaded,48.806
Zombie Shooter,80
Alien Shooter Demo ,79.744
Alien Shooter: Revisited Demo,0
Alien Shooter 2: Reloaded Demo ,0
Zombie Shooter Demo ,0
Zombie Shooter 2,0
Zombie Shooter 2 Demo,58.845
Tom Clancy's Splinter Cell Conviction™,0
Assassin's Creed 2,60
Call of Juarez: Bound in Blood Demo,80
Prince of Persia: The Forgotten Sands™,0
Zeit²,49.999
Zeit² Demo,12.402
From Dust,0
Tropico Reloaded,50
Dawn of Magic 2,78.881
Tropico 3 Demo,20.717
Patrician III,0
The Great Art Race,78.967
Broken Sword 2 - the Smoking Mirror: Remastered,33.309
Broken Sword 3 - the Sleeping Dragon,79.877
Crash Time 3,48.887
Puzzler World,75.997
Ziro,69.334
Disciples III - Renaissance Steam Special Edition,8.236
eversion,45.771
18 Wheels of Steel: Extreme Trucker,79.872
Prison Tycoon 4: SuperMax,40.811
The Search for Amelia Earhart,4.942
Drakensang: The River of Time,2.89
Elizabeth Find M.D. - Diagnosis Mystery - Season 2,67.295
Arma 2,7.817
Arma 2: Operation Arrowhead,79.998
Fish Fillets 2,80
ARMA II: Operation Arrowhead Demo,45.055
Pound of Ground,41.831
Alternativa,28.947
Alpha Protocol™,31.88
Total War: NAPOLEON – Definitive Edition,80
Napoleon: Total War Demo,80
Football Manager™ 2010 Demo,46.651
Sonic & SEGA All-Stars Racing,0
Aliens vs. Predator Demo,80
Football Manager 2011,0
SEGA Mega Drive and Genesis Classics,38.445
Comix Zone™,80
Crack Down™,5.382
Ecco the Dolphin™,3.414
Gain Ground™,3.746
Golden Axe™,0
Shinobi™ III: Return of the Ninja Master,7.292
Sonic 3D Blast™,0
Space Harrier™ II,5.704
VectorMan™,0
Altered Beast™,3.414
Shadow Dancer™,5.058
Alex Kidd™ in the Enchanted Castle,11.823
Bonanza Bros.™,2.439
Columns™,0
Dr. Robotnik’s Mean Bean Machine™,3.746
Ecco™ Jr.,4.076
Eternal Champions™,0
Fatal Labyrinth™,0
Galaxy Force II™,3.746
Kid Chameleon™,0
Ristar™,0
Sonic Spinball™,0
Super Thunder Blade™,3.414
Alien Storm,0
Bio-Hazard Battle™,0
Columns™ III,0
Decap Attack™,0
Ecco™: The Tides of Time,0
Total War: SHOGUN 2,0
Total War: SHOGUN 2 Demo,80
NecroVision Demo,20.735
Death to Spies: Moment of Truth,0
XIII Century – Gold Edition,73.563
Light of Altair,28.736
Light of Altair Demo,14.104
Order of War™,0
Order of War Demo,57.297
Massive Assault,0
Massive Assault: Phantom Renaissance,9.448
Massive Assault Network 2 Demo,12.689
Chronicles of Mystery: The Scorpio Ritual,0
Project Freedom,26.849
Combat Wings: Battle of Britain,50.274
Sniper: Ghost Warrior,58.344
Sniper: Ghost Warrior 2,50
Sniper Ghost Warrior 2 Demo,60
Bad Rats: the Rats' Revenge,15.104
Bad Rats: the Rats' Revenge Demo,60
Razor2: Hidden Skies,10.669
Razor2: Hidden Skies Demo,27.207
Mini Ninjas,0
Championship Manager 2010,80
Mini Ninjas Demo,42.587
Flora's Fruit Farm,6.25
Just Cause 2 Demo,28.198
Lara Croft and the Guardian of Light,36.964
Batman: Arkham Asylum Game of the Year Edition,80
Lara Croft and the Guardian of Light Demo,90
Warfare,4.076
Clutch,52.145
Insane 2,40.907
Red Orchestra 2: Heroes of Stalingrad with Rising Storm,76.096
The Ball,80
Dwarfs!?,59.744
The Ball Demo,59.649
Big Brain Wolf,0
Trine Enchanted Edition,18.75
Trine Demo,90
Trine 2: Complete Story,0
BRAINPIPE: A Plunge to Unhumanity,90
Foreign Legion: Buckets of Blood,49.825
Tradewinds Caravans + Odyssey Pack,39.701
Westward Collection,0
Angle of Attack,7.604
All Aspect Warfare,0
All Aspect Warfare Demo,2.517
Angle of Attack Demo,0
The Void,0
Chocolatier®: Decadence by Design™,79.635
Cooking Dash®,42.981
Diaper Dash®,26.74
Diner Dash:® Hometown Hero™,6.749
Emerald City Confidential™,29.987
Wandering Willows™,31.478
Wedding Dash® 2: Rings Around the World,8.84
Zenerchi®,22.773
DinerTown Tycoon,5.058
DinerTown Detective Agency™,5.875
The Nightshift Code™,3.443
Nightshift Legacy: The Jaguar's Eye™,0
Fitness Dash™,0
Mahjong Roadshow™,4.335
TriJinx: A Kristine Kross Mystery™,3.147
Valerie Porter and the Scarlet Scandal™,0
Gemini Lost™,3.147
"Time Gentlemen, Please! and Ben There, Dan That! Special Edition  Double Pack",15.211
"Time Gentlemen, Please! Demo",77.383
Magnetis ,0
Magnetis Demo,12.975
Windosill,0
Quantz,79.684
QuantZ Demo,10.273
Jewel Quest Pack,0
Mahjong Quest Collection,0
Coconut Queen,#VALUE!
Build-A-Lot,0
Build-A-Lot 2: Town of the Year,15.211
Build-A-Lot 3: Passport to Europe,18.316
Build-A-Lot 4: Power Source,5.382
Farm Frenzy,19.537
Farm Frenzy 2,8.225
Farm Frenzy: Pizza Party,6.344
Farm Frenzy 3,8.099
Farm Frenzy 3: American Pie,40.865
Cradle of Rome,44.233
Cradle of Persia,11.531
Romance of Rome,19.234
Roogoo,3.746
Hotel Giant 2,18.624
Fallout: A Post Nuclear Role Playing Game,4.076
Fallout 2: A Post Nuclear Role Playing Game,2.912
Fallout Tactics: Brotherhood of Steel,48.705
Kingpin — Life of Crime,37.975
Sacrifice,80
MDK,80
MDK 2,60
Earthworm Jim,53.184
Earthworm Jim 2,76.623
Faerie Solitaire,48.303
Toki Tori,38.256
Toki Tori Demo,27.08
RUSH,24.15
RUSH Demo,80
EDGE,79.998
EDGE Demo,0
Rhythm Zone - Demo,79.852
Moonbase Alpha,0
Gyromancer Demo,79.998
SEASON OF MYSTERY: The Cherry Blossom Murders,0
RIFT,0
FINAL FANTASY VII,80
FINAL FANTASY VIII,0
Dungeon Siege,62.327
Dungeon Siege II,60
FINAL FANTASY XIV Online,80
Dungeon Siege III Demo,80
Freeze Tag Fun Pack #1,80
Gothic® 3,60
Gothic II: Gold Edition,80
The Guild Gold Edition,6.314
Painkiller: Black Edition,#VALUE!
SpellForce - Platinum Edition,80
SpellForce 2 - Anniversary Edition,80
Painkiller: Resurrection,55.566
Painkiller: Resurrection Demo,79.995
AquaNox,80
AquaNox 2: Revelation,59.834
The Guild II,37.468
The Guild II - Pirates of the European Seas,0
Chaser,50.132
The Guild II Renaissance,43.234
ArcaniA,58.917
Nation Red,42.55
Nation Red Demo,59.861
Coniclysm,80
Supreme Commander 2,50
Supreme Commander 2 Demo,80
ItzaBitza,0
ItzaZoo,7.393
Risen,80
Risen Demo,5.704
Rush for Berlin Gold,3.776
Secret Files: Tunguska,5.058
Secret Files 2: Puritas Cordis,80
Lost Horizon,0
Lost Horizon Demo,45.463
nail'd,70.866
Risen 2: Dark Waters,49.825
AI War: Fleet Command,72.633
Tidalis,0
Sacraboar,79.836
Sacraboar Demo,60
Machinarium,79.969
Machinarium Demo,34.326
Samorost 2,11.243
Super Meat Boy,0
The Misadventures of P.B. Winterbottom,90
Stronghold HD (2012),3.414
Stronghold 2: Steam Edition,79.999
Stronghold Crusader HD,80
Stronghold Legends: Steam Edition,71.694
Mafia,90
Serious Sam HD: The First Encounter,80
Serious Sam HD: The Second Encounter,90
Serious Sam Classic: The First Encounter,79.999
Serious Sam Classic: The Second Encounter,80
Serious Sam 3: BFE,80
Hammerfight,78.356
Hammerfight Demo,90
Eufloria Demo,89.987
Altitude,80
Doom Rails,59.997
Torchlight,0
Torchlight Demo,0
Earthworm Jim 3D,79.994
Tommy Tronic,5.572
Tommy Tronic Demo,80
Death and the Fly,5.704
S.T.A.L.K.E.R.: Call of Pripyat,22.422
Ion Assault,4.531
Cargo! The Quest for Gravity,0
Gratuitous Space Battles,2.517
Gratuitous Space Battles Demo,90
The Bard's Tale ARPG: Remastered and Resnarkled,29.157
Trino,52.798
Lead and Gold: Gangs of the Wild West,59.059
Hamilton's Great Adventure,0
Hamilton's Great Adventure - Retro Fever DLC,59.917
Krater,3.38
Hamilton's Great Adventure Demo,59.999
Nancy Drew® Dossier: Resorting to Danger!,40.301
Nancy Drew®: Secrets Can Kill REMASTERED,0
Nancy Drew®: The Captive Curse,49.428
Nancy Drew®: Trail of the Twister,0
DogFighter,31.72
Singularity™,46.745
Call of Duty®: Modern Warfare® 3 (2011),50.422
Call of Duty®: Black Ops,26.263
For The Glory: A Europa Universalis Game,44.176
Arsenal of Democracy: A Hearts of Iron Game,80
Sword of the Stars: Complete Collection,80
Hearts of Iron III: Semper Fi,80
Magicka,31.373
The Kings' Crusade,67.038
Elven Legacy: Magic,77.005
Elven Legacy: Siege,0
Elven Legacy: Ranger,80
Victoria II,22.116
Victoria I Complete,4.984
Sword of the Stars II: Enhanced Edition,5.71
Front Mission Evolved,7.604
World of Zoo,80
The Haunted: Hells Reach,41.471
M.U.D. TV,49.522
Nancy Drew®: Warnings at Waverly Academy,49.831
Super Laser  Racer,41.838
Super Laser Racer Demo,78.1
Operation Flashpoint: Red River,29.773
GRID 2,61.328
GTR - FIA GT Racing Game,30.744
RACE Injection,0
GT Legends,49.973
Sol Survivor,80
Sol Survivor Demo,20.717
Secret of the Magic Crystals,5.058
Defense of the Oasis,63.929
Wings of Prey,70.252
Wings of Prey Demo,0
Fortix,79.979
